"1,""1001"",""10/27/2019"",""0268-1205"""
"2,""1002"",""03/15/2020"",""48951-8252"""
"3,""1003"",""07/07/2020"",""0591-3749"""
"4,""1004"",""07/10/2020"",""21695-129"""
"5,""1005"",""05/27/2020"",""60429-039"""
"6,""1006"",""02/13/2020"",""67510-0054"""
"7,""1007"",""01/08/2020"",""60512-6454"""
"8,""1008"",""07/15/2020"",""0378-0274"""
"9,""1009"",""01/21/2020"",""51367-009"""
"10,""1010"",""02/11/2020"",""49035-872"""
"11,""1011"",""03/27/2020"",""0179-0095"""
"12,""1012"",""05/27/2020"",""63402-206"""
"13,""1013"",""06/29/2020"",""0228-1114"""
"14,""1014"",""10/15/2019"",""51514-0325"""
"15,""1015"",""06/09/2020"",""49035-071"""
"16,""1016"",""05/30/2020"",""50346-002"""
"17,""1017"",""06/28/2020"",""23635-582"""
"18,""1018"",""01/20/2020"",""55312-829"""
"19,""1019"",""07/14/2020"",""0019-4816"""
"20,""1020"",""09/21/2020"",""10956-020"""
"21,""1021"",""05/08/2020"",""0363-0111"""
"22,""1022"",""09/24/2020"",""65676-0001"""
"23,""1023"",""09/30/2019"",""49349-883"""
"24,""1024"",""04/26/2020"",""63824-016"""
"25,""1025"",""09/19/2020"",""49349-330"""
"26,""1026"",""08/12/2020"",""0113-0212"""
"27,""1027"",""01/22/2020"",""48951-9074"""
"28,""1028"",""08/01/2020"",""66993-469"""
"29,""1029"",""12/16/2019"",""36987-1959"""
"30,""1030"",""02/15/2020"",""68001-114"""
"31,""1031"",""03/26/2020"",""13734-104"""
"32,""1032"",""09/21/2020"",""0264-9371"""
"33,""1033"",""03/06/2020"",""50436-7285"""
"34,""1034"",""10/07/2019"",""76461-915"""
"35,""1035"",""03/15/2020"",""0121-4780"""
"36,""1036"",""02/19/2020"",""0536-3772"""
"37,""1037"",""03/21/2020"",""54868-5388"""
"38,""1038"",""10/05/2019"",""42877-001"""
"39,""1039"",""06/12/2020"",""24385-067"""
"40,""1040"",""06/17/2020"",""65923-102"""
"41,""1041"",""02/14/2020"",""0615-3551"""
"42,""1042"",""04/26/2020"",""60505-3110"""
"43,""1043"",""01/18/2020"",""59579-003"""
"44,""1044"",""08/25/2020"",""54569-5574"""
"45,""1045"",""01/05/2020"",""0006-3628"""
"46,""1046"",""05/07/2020"",""63545-646"""
"47,""1047"",""08/07/2020"",""76485-1000"""
"48,""1048"",""07/09/2020"",""63972-010"""
"49,""1049"",""11/17/2019"",""55154-5683"""
"50,""1050"",""12/16/2019"",""54868-2405"""
"51,""1051"",""01/03/2020"",""58517-220"""
"52,""1052"",""12/31/2019"",""11673-422"""
"53,""1053"",""02/27/2020"",""0555-0513"""
"54,""1054"",""06/25/2020"",""48951-1229"""
"55,""1055"",""10/15/2019"",""67544-431"""
"56,""1056"",""03/05/2020"",""60760-855"""
"57,""1057"",""09/30/2019"",""59741-202"""
"58,""1058"",""04/04/2020"",""54868-5808"""
"59,""1059"",""10/18/2019"",""10356-575"""
"60,""1060"",""11/25/2019"",""51596-006"""
"61,""1061"",""05/21/2020"",""55714-2223"""
"62,""1062"",""03/14/2020"",""49035-721"""
"63,""1063"",""10/20/2019"",""0363-9113"""
"64,""1064"",""09/06/2020"",""0378-0076"""
"65,""1065"",""07/14/2020"",""10893-335"""
"66,""1066"",""04/27/2020"",""55289-019"""
"67,""1067"",""11/27/2019"",""49781-032"""
"68,""1068"",""09/04/2020"",""36800-014"""
"69,""1069"",""08/07/2020"",""55289-559"""
"70,""1070"",""10/27/2019"",""76237-139"""
"71,""1071"",""01/09/2020"",""50242-088"""
"72,""1072"",""06/07/2020"",""35356-790"""
"73,""1073"",""02/10/2020"",""16252-599"""
"74,""1074"",""02/20/2020"",""54868-4747"""
"75,""1075"",""02/18/2020"",""10477-0641"""
"76,""1076"",""09/23/2020"",""41167-0031"""
"77,""1077"",""05/23/2020"",""55714-1703"""
"78,""1078"",""04/07/2020"",""37808-428"""
"79,""1079"",""07/02/2020"",""43269-742"""
"80,""1080"",""05/12/2020"",""61935-001"""
"81,""1081"",""02/14/2020"",""64942-0690"""
"82,""1082"",""12/22/2019"",""0781-2614"""
"83,""1083"",""12/26/2019"",""49288-0671"""
"84,""1084"",""05/28/2020"",""30142-977"""
"85,""1085"",""01/09/2020"",""36987-2669"""
"86,""1086"",""05/05/2020"",""48951-7046"""
"87,""1087"",""03/18/2020"",""41520-094"""
"88,""1088"",""12/01/2019"",""61010-3200"""
"89,""1089"",""05/04/2020"",""51167-200"""
"90,""1090"",""07/26/2020"",""10544-448"""
"91,""1091"",""09/14/2020"",""51346-213"""
"92,""1092"",""07/06/2020"",""54312-325"""
"93,""1093"",""01/06/2020"",""51514-0314"""
"94,""1094"",""01/27/2020"",""55111-664"""
"95,""1095"",""04/08/2020"",""0268-0801"""
"96,""1096"",""08/26/2020"",""0228-2878"""
"97,""1097"",""11/17/2019"",""63941-007"""
"98,""1098"",""07/22/2020"",""31190-300"""
"99,""1099"",""05/21/2020"",""63629-1286"""
"100,""1100"",""06/11/2020"",""34954-008"""
"101,""1101"",""10/13/2019"",""76214-033"""
"102,""1102"",""06/06/2020"",""37205-296"""
"103,""1103"",""12/23/2019"",""53808-0446"""
"104,""1104"",""10/30/2019"",""46708-020"""
"105,""1105"",""03/22/2020"",""55670-475"""
"106,""1106"",""12/18/2019"",""54458-927"""
"107,""1107"",""06/04/2020"",""49580-0126"""
"108,""1108"",""04/17/2020"",""55154-3914"""
"109,""1109"",""01/07/2020"",""66435-301"""
"110,""1110"",""10/10/2019"",""49852-030"""
"111,""1111"",""06/09/2020"",""49715-012"""
"112,""1112"",""05/28/2020"",""49349-566"""
"113,""1113"",""06/15/2020"",""68682-992"""
"114,""1114"",""10/19/2019"",""51143-213"""
"115,""1115"",""03/16/2020"",""36800-453"""
"116,""1116"",""01/10/2020"",""37000-225"""
"117,""1117"",""04/15/2020"",""24385-188"""
"118,""1118"",""08/15/2020"",""33261-062"""
"119,""1119"",""10/13/2019"",""57955-4001"""
"120,""1120"",""07/07/2020"",""54868-5337"""
"121,""1121"",""04/03/2020"",""54868-5724"""
"122,""1122"",""03/14/2020"",""15478-005"""
"123,""1123"",""07/14/2020"",""52125-947"""
"124,""1124"",""09/23/2020"",""45963-748"""
"125,""1125"",""01/26/2020"",""36987-1430"""
"126,""1126"",""04/29/2020"",""57337-049"""
"127,""1127"",""10/18/2019"",""16729-123"""
"128,""1128"",""07/27/2020"",""54868-5621"""
"129,""1129"",""10/25/2019"",""55289-582"""
"130,""1130"",""01/25/2020"",""43419-501"""
"131,""1131"",""06/14/2020"",""0268-1516"""
"132,""1132"",""07/10/2020"",""55154-1490"""
"133,""1133"",""11/05/2019"",""0591-2466"""
"134,""1134"",""07/26/2020"",""61098-040"""
"135,""1135"",""10/05/2019"",""0268-0942"""
"136,""1136"",""03/02/2020"",""60681-9002"""
"137,""1137"",""12/01/2019"",""30142-971"""
"138,""1138"",""02/12/2020"",""49643-340"""
"139,""1139"",""09/19/2020"",""0832-0233"""
"140,""1140"",""11/23/2019"",""36987-2904"""
"141,""1141"",""01/19/2020"",""11673-208"""
"142,""1142"",""11/12/2019"",""49349-358"""
"143,""1143"",""04/17/2020"",""37000-142"""
"144,""1144"",""04/03/2020"",""62011-0029"""
"145,""1145"",""04/17/2020"",""58892-356"""
"146,""1146"",""07/06/2020"",""58789-005"""
"147,""1147"",""01/02/2020"",""28595-802"""
"148,""1148"",""07/07/2020"",""64117-134"""
"149,""1149"",""08/21/2020"",""68012-490"""
"150,""1150"",""07/08/2020"",""50436-3613"""
"151,""1151"",""07/08/2020"",""68472-128"""
"152,""1152"",""11/15/2019"",""59303-1001"""
"153,""1153"",""12/04/2019"",""54868-4055"""
"154,""1154"",""02/05/2020"",""65162-642"""
"155,""1155"",""09/12/2020"",""0023-4951"""
"156,""1156"",""07/23/2020"",""16729-171"""
"157,""1157"",""01/16/2020"",""68788-1966"""
"158,""1158"",""07/01/2020"",""36000-070"""
"159,""1159"",""05/03/2020"",""76074-153"""
"160,""1160"",""09/14/2020"",""0463-6352"""
"161,""1161"",""01/17/2020"",""63304-846"""
"162,""1162"",""06/26/2020"",""50844-392"""
"163,""1163"",""01/13/2020"",""43547-264"""
"164,""1164"",""08/07/2020"",""49288-0763"""
"165,""1165"",""10/23/2019"",""0378-7155"""
"166,""1166"",""07/15/2020"",""36987-2941"""
"167,""1167"",""10/20/2019"",""68210-1520"""
"168,""1168"",""08/12/2020"",""62106-001"""
"169,""1169"",""11/25/2019"",""65044-6518"""
"170,""1170"",""10/16/2019"",""59779-464"""
"171,""1171"",""12/05/2019"",""57520-0369"""
"172,""1172"",""04/25/2020"",""0955-1033"""
"173,""1173"",""04/01/2020"",""52125-268"""
"174,""1174"",""04/11/2020"",""0113-0214"""
"175,""1175"",""11/22/2019"",""0574-0069"""
"176,""1176"",""02/16/2020"",""60512-0015"""
"177,""1177"",""11/29/2019"",""63941-060"""
"178,""1178"",""03/23/2020"",""75905-003"""
"179,""1179"",""02/23/2020"",""0185-0042"""
"180,""1180"",""06/14/2020"",""0615-7513"""
"181,""1181"",""10/17/2019"",""60764-005"""
"182,""1182"",""09/07/2020"",""36987-1363"""
"183,""1183"",""12/02/2019"",""65862-443"""
"184,""1184"",""04/22/2020"",""0440-8195"""
"185,""1185"",""10/04/2019"",""55111-223"""
"186,""1186"",""02/10/2020"",""62742-4052"""
"187,""1187"",""09/12/2020"",""49967-027"""
"188,""1188"",""09/20/2020"",""68788-9488"""
"189,""1189"",""10/30/2019"",""58118-0248"""
"190,""1190"",""01/01/2020"",""76354-016"""
"191,""1191"",""02/07/2020"",""49738-432"""
"192,""1192"",""04/14/2020"",""64141-014"""
"193,""1193"",""09/28/2019"",""55289-224"""
"194,""1194"",""03/17/2020"",""21695-346"""
"195,""1195"",""03/27/2020"",""51009-203"""
"196,""1196"",""11/15/2019"",""57844-691"""
"197,""1197"",""11/18/2019"",""21130-678"""
"198,""1198"",""05/13/2020"",""68025-073"""
"199,""1199"",""05/20/2020"",""42217-201"""
"200,""1200"",""12/06/2019"",""52125-680"""
"201,""1201"",""06/04/2020"",""59762-4321"""
"202,""1202"",""11/16/2019"",""12090-0019"""
"203,""1203"",""01/06/2020"",""52768-001"""
"204,""1204"",""07/21/2020"",""10825-003"""
"205,""1205"",""10/22/2019"",""36987-3275"""
"206,""1206"",""10/02/2019"",""76141-368"""
"207,""1207"",""07/29/2020"",""59970-080"""
"208,""1208"",""02/18/2020"",""65162-691"""
"209,""1209"",""09/13/2020"",""54569-0147"""
"210,""1210"",""05/23/2020"",""69161-002"""
"211,""1211"",""10/26/2019"",""46122-179"""
"212,""1212"",""11/20/2019"",""51346-181"""
"213,""1213"",""04/16/2020"",""46122-232"""
"214,""1214"",""05/25/2020"",""51655-681"""
"215,""1215"",""05/29/2020"",""65162-356"""
"216,""1216"",""05/18/2020"",""98132-725"""
"217,""1217"",""11/12/2019"",""59667-0048"""
"218,""1218"",""08/21/2020"",""41520-096"""
"219,""1219"",""01/15/2020"",""68428-115"""
"220,""1220"",""07/31/2020"",""64932-1234"""
"221,""1221"",""07/01/2020"",""36987-2443"""
"222,""1222"",""06/08/2020"",""13537-323"""
"223,""1223"",""01/05/2020"",""48951-3005"""
"224,""1224"",""02/13/2020"",""0065-0355"""
"225,""1225"",""02/03/2020"",""60505-0266"""
"226,""1226"",""09/15/2020"",""0268-1001"""
"227,""1227"",""09/05/2020"",""0904-6359"""
"228,""1228"",""09/12/2020"",""51285-407"""
"229,""1229"",""02/14/2020"",""68479-202"""
"230,""1230"",""04/16/2020"",""0071-0158"""
"231,""1231"",""05/01/2020"",""10210-0003"""
"232,""1232"",""02/08/2020"",""50458-647"""
"233,""1233"",""10/23/2019"",""65862-501"""
"234,""1234"",""06/13/2020"",""11523-7197"""
"235,""1235"",""01/26/2020"",""41190-306"""
"236,""1236"",""08/28/2020"",""50021-235"""
"237,""1237"",""02/04/2020"",""41163-359"""
"238,""1238"",""03/25/2020"",""51079-746"""
"239,""1239"",""04/26/2020"",""53964-001"""
"240,""1240"",""11/24/2019"",""76472-1158"""
"241,""1241"",""09/12/2020"",""54868-5208"""
"242,""1242"",""03/31/2020"",""64980-175"""
"243,""1243"",""02/25/2020"",""10572-101"""
"244,""1244"",""03/11/2020"",""53808-0998"""
"245,""1245"",""07/21/2020"",""62011-0158"""
"246,""1246"",""05/10/2020"",""11673-807"""
"247,""1247"",""01/03/2020"",""59779-345"""
"248,""1248"",""06/21/2020"",""52584-495"""
"249,""1249"",""12/03/2019"",""55154-2364"""
"250,""1250"",""09/20/2020"",""43538-130"""
"251,""1251"",""12/12/2019"",""68113-996"""
"252,""1252"",""05/11/2020"",""55154-6194"""
"253,""1253"",""03/20/2020"",""63868-384"""
"254,""1254"",""02/07/2020"",""37012-299"""
"255,""1255"",""12/19/2019"",""54473-231"""
"256,""1256"",""03/17/2020"",""21695-194"""
"257,""1257"",""07/21/2020"",""10812-524"""
"258,""1258"",""01/17/2020"",""52343-060"""
"259,""1259"",""09/01/2020"",""59779-818"""
"260,""1260"",""10/20/2019"",""41163-214"""
"261,""1261"",""06/20/2020"",""52125-083"""
"262,""1262"",""11/25/2019"",""54868-5709"""
"263,""1263"",""12/23/2019"",""55714-2218"""
"264,""1264"",""06/24/2020"",""35356-561"""
"265,""1265"",""11/26/2019"",""50474-932"""
"266,""1266"",""11/04/2019"",""76334-002"""
"267,""1267"",""04/17/2020"",""63187-144"""
"268,""1268"",""01/04/2020"",""24453-198"""
"269,""1269"",""12/12/2019"",""63717-871"""
"270,""1270"",""09/29/2019"",""21695-796"""
"271,""1271"",""09/26/2019"",""50991-214"""
"272,""1272"",""09/18/2020"",""52584-771"""
"273,""1273"",""12/08/2019"",""54575-333"""
"274,""1274"",""05/30/2020"",""62032-103"""
"275,""1275"",""11/24/2019"",""60951-933"""
"276,""1276"",""09/26/2019"",""0179-0030"""
"277,""1277"",""06/24/2020"",""0187-3555"""
"278,""1278"",""02/16/2020"",""62584-143"""
"279,""1279"",""02/19/2020"",""54868-0021"""
"280,""1280"",""05/31/2020"",""42903-002"""
"281,""1281"",""11/14/2019"",""62175-123"""
"282,""1282"",""06/20/2020"",""61941-0051"""
"283,""1283"",""01/23/2020"",""10819-1080"""
"284,""1284"",""10/28/2019"",""47682-477"""
"285,""1285"",""08/29/2020"",""36987-1628"""
"286,""1286"",""03/11/2020"",""36987-1280"""
"287,""1287"",""03/24/2020"",""68001-129"""
"288,""1288"",""12/07/2019"",""50523-488"""
"289,""1289"",""06/28/2020"",""65862-600"""
"290,""1290"",""05/14/2020"",""68828-183"""
"291,""1291"",""12/14/2019"",""36987-2700"""
"292,""1292"",""08/24/2020"",""55714-4493"""
"293,""1293"",""01/11/2020"",""52584-443"""
"294,""1294"",""03/15/2020"",""43979-550"""
"295,""1295"",""08/19/2020"",""51060-056"""
"296,""1296"",""06/29/2020"",""55301-019"""
"297,""1297"",""01/22/2020"",""0703-2823"""
"298,""1298"",""01/13/2020"",""36987-1870"""
"299,""1299"",""07/26/2020"",""37808-504"""
"300,""1300"",""09/01/2020"",""64064-101"""
"301,""1301"",""04/28/2020"",""51621-035"""
"302,""1302"",""09/27/2019"",""62296-0045"""
"303,""1303"",""12/02/2019"",""68382-046"""
"304,""1304"",""07/10/2020"",""66689-790"""
"305,""1305"",""09/19/2020"",""60899-030"""
"306,""1306"",""12/27/2019"",""0591-0860"""
"307,""1307"",""10/26/2019"",""16729-212"""
"308,""1308"",""07/06/2020"",""42291-272"""
"309,""1309"",""09/03/2020"",""49349-069"""
"310,""1310"",""05/05/2020"",""55714-1113"""
"311,""1311"",""01/18/2020"",""50544-301"""
"312,""1312"",""03/28/2020"",""54868-6116"""
"313,""1313"",""12/05/2019"",""36987-2611"""
"314,""1314"",""12/19/2019"",""70253-229"""
"315,""1315"",""02/15/2020"",""56062-294"""
"316,""1316"",""05/28/2020"",""55154-3828"""
"317,""1317"",""01/30/2020"",""43269-826"""
"318,""1318"",""09/06/2020"",""24909-149"""
"319,""1319"",""08/01/2020"",""0187-3100"""
"320,""1320"",""09/22/2020"",""16590-622"""
"321,""1321"",""06/09/2020"",""41520-193"""
"322,""1322"",""10/17/2019"",""55910-559"""
"323,""1323"",""07/18/2020"",""11822-0416"""
"324,""1324"",""01/06/2020"",""55670-471"""
"325,""1325"",""11/20/2019"",""55154-3875"""
"326,""1326"",""09/26/2019"",""13537-379"""
"327,""1327"",""11/27/2019"",""0378-6750"""
"328,""1328"",""01/25/2020"",""43498-103"""
"329,""1329"",""08/21/2020"",""37000-519"""
"330,""1330"",""12/20/2019"",""31645-177"""
"331,""1331"",""07/01/2020"",""59883-824"""
"332,""1332"",""02/13/2020"",""53057-009"""
"333,""1333"",""05/14/2020"",""25000-134"""
"334,""1334"",""10/18/2019"",""59779-463"""
"335,""1335"",""04/27/2020"",""0378-1560"""
"336,""1336"",""04/30/2020"",""20802-1501"""
"337,""1337"",""09/07/2020"",""14783-449"""
"338,""1338"",""02/24/2020"",""0409-4332"""
"339,""1339"",""08/07/2020"",""65862-076"""
"340,""1340"",""01/23/2020"",""55910-185"""
"341,""1341"",""02/16/2020"",""0591-0349"""
"342,""1342"",""06/21/2020"",""63981-111"""
"343,""1343"",""05/21/2020"",""0456-3202"""
"344,""1344"",""02/19/2020"",""68026-341"""
"345,""1345"",""07/06/2020"",""76237-262"""
"346,""1346"",""01/06/2020"",""0093-5035"""
"347,""1347"",""04/15/2020"",""55714-2317"""
"348,""1348"",""05/29/2020"",""36987-1939"""
"349,""1349"",""06/16/2020"",""98132-666"""
"350,""1350"",""07/24/2020"",""55154-5437"""
"351,""1351"",""09/11/2020"",""66969-6023"""
"352,""1352"",""10/05/2019"",""55648-773"""
"353,""1353"",""07/29/2020"",""33261-073"""
"354,""1354"",""04/15/2020"",""60512-6155"""
"355,""1355"",""04/01/2020"",""75981-602"""
"356,""1356"",""01/10/2020"",""50419-456"""
"357,""1357"",""06/22/2020"",""68645-460"""
"358,""1358"",""03/20/2020"",""60429-618"""
"359,""1359"",""11/22/2019"",""68428-028"""
"360,""1360"",""07/03/2020"",""53877-001"""
"361,""1361"",""09/19/2020"",""0264-2202"""
"362,""1362"",""11/09/2019"",""63941-378"""
"363,""1363"",""04/14/2020"",""49817-0059"""
"364,""1364"",""02/20/2020"",""69243-0810"""
"365,""1365"",""03/09/2020"",""41250-070"""
"366,""1366"",""01/13/2020"",""36987-2480"""
"367,""1367"",""07/14/2020"",""60512-1016"""
"368,""1368"",""04/09/2020"",""55312-205"""
"369,""1369"",""06/06/2020"",""60432-671"""
"370,""1370"",""06/04/2020"",""36987-1287"""
"371,""1371"",""02/15/2020"",""61995-0405"""
"372,""1372"",""05/18/2020"",""0378-0030"""
"373,""1373"",""05/19/2020"",""55111-730"""
"374,""1374"",""04/22/2020"",""0536-3231"""
"375,""1375"",""07/23/2020"",""0039-0060"""
"376,""1376"",""09/18/2020"",""66993-898"""
"377,""1377"",""11/22/2019"",""76329-1911"""
"378,""1378"",""11/01/2019"",""63629-4878"""
"379,""1379"",""03/29/2020"",""53208-502"""
"380,""1380"",""02/14/2020"",""63550-851"""
"381,""1381"",""09/27/2019"",""55910-822"""
"382,""1382"",""02/11/2020"",""57520-0347"""
"383,""1383"",""06/23/2020"",""64205-333"""
"384,""1384"",""07/18/2020"",""63323-342"""
"385,""1385"",""12/26/2019"",""60429-239"""
"386,""1386"",""05/23/2020"",""0179-0083"""
"387,""1387"",""08/06/2020"",""0113-0484"""
"388,""1388"",""03/29/2020"",""20536-322"""
"389,""1389"",""03/24/2020"",""59779-289"""
"390,""1390"",""07/04/2020"",""41250-313"""
"391,""1391"",""08/18/2020"",""43128-108"""
"392,""1392"",""07/07/2020"",""50845-0211"""
"393,""1393"",""07/25/2020"",""0065-0631"""
"394,""1394"",""07/12/2020"",""43269-626"""
"395,""1395"",""08/31/2020"",""49288-0154"""
"396,""1396"",""11/17/2019"",""21695-161"""
"397,""1397"",""05/10/2020"",""42851-033"""
"398,""1398"",""12/01/2019"",""21130-384"""
"399,""1399"",""11/28/2019"",""49288-0251"""
"400,""1400"",""01/29/2020"",""43742-0058"""
"401,""1401"",""03/12/2020"",""0904-6136"""
"402,""1402"",""07/12/2020"",""54868-6156"""
"403,""1403"",""05/29/2020"",""54868-6133"""
"404,""1404"",""11/13/2019"",""65111-005"""
"405,""1405"",""11/02/2019"",""53489-176"""
"406,""1406"",""02/23/2020"",""31722-332"""
"407,""1407"",""01/20/2020"",""0591-3703"""
"408,""1408"",""07/24/2020"",""55301-623"""
"409,""1409"",""03/28/2020"",""48951-1181"""
"410,""1410"",""12/29/2019"",""68196-149"""
"411,""1411"",""01/17/2020"",""48951-8098"""
"412,""1412"",""05/08/2020"",""99207-270"""
"413,""1413"",""07/06/2020"",""41163-763"""
"414,""1414"",""01/23/2020"",""55154-2086"""
"415,""1415"",""06/25/2020"",""48951-3028"""
"416,""1416"",""08/25/2020"",""35000-048"""
"417,""1417"",""08/01/2020"",""37808-112"""
"418,""1418"",""03/09/2020"",""54532-0016"""
"419,""1419"",""03/31/2020"",""43857-0001"""
"420,""1420"",""04/16/2020"",""63304-616"""
"421,""1421"",""07/22/2020"",""49643-322"""
"422,""1422"",""01/17/2020"",""43447-9440"""
"423,""1423"",""06/06/2020"",""24909-134"""
"424,""1424"",""11/17/2019"",""43742-0292"""
"425,""1425"",""08/03/2020"",""60505-2995"""
"426,""1426"",""09/29/2019"",""66993-935"""
"427,""1427"",""09/17/2020"",""68180-220"""
"428,""1428"",""06/05/2020"",""63739-804"""
"429,""1429"",""02/03/2020"",""60760-901"""
"430,""1430"",""11/19/2019"",""52959-014"""
"431,""1431"",""10/23/2019"",""57520-0043"""
"432,""1432"",""04/07/2020"",""51285-368"""
"433,""1433"",""03/15/2020"",""0006-4995"""
"434,""1434"",""04/07/2020"",""68308-710"""
"435,""1435"",""05/19/2020"",""10702-018"""
"436,""1436"",""08/22/2020"",""36987-2058"""
"437,""1437"",""09/19/2020"",""51645-705"""
"438,""1438"",""10/06/2019"",""61734-107"""
"439,""1439"",""06/14/2020"",""54868-3064"""
"440,""1440"",""08/10/2020"",""76168-013"""
"441,""1441"",""01/13/2020"",""0054-3721"""
"442,""1442"",""06/24/2020"",""50436-7988"""
"443,""1443"",""05/27/2020"",""0338-0031"""
"444,""1444"",""02/22/2020"",""49738-903"""
"445,""1445"",""01/24/2020"",""68196-519"""
"446,""1446"",""03/18/2020"",""49349-313"""
"447,""1447"",""03/09/2020"",""55289-248"""
"448,""1448"",""02/12/2020"",""0143-3367"""
"449,""1449"",""05/08/2020"",""37808-090"""
"450,""1450"",""08/13/2020"",""35356-525"""
"451,""1451"",""02/15/2020"",""52125-517"""
"452,""1452"",""07/04/2020"",""0268-6118"""
"453,""1453"",""07/18/2020"",""68428-043"""
"454,""1454"",""04/02/2020"",""57844-510"""
"455,""1455"",""11/07/2019"",""63874-087"""
"456,""1456"",""12/06/2019"",""10631-094"""
"457,""1457"",""12/28/2019"",""60681-0021"""
"458,""1458"",""10/06/2019"",""54868-4637"""
"459,""1459"",""10/06/2019"",""51325-100"""
"460,""1460"",""05/05/2020"",""58394-002"""
"461,""1461"",""03/25/2020"",""0268-0006"""
"462,""1462"",""09/29/2019"",""52125-420"""
"463,""1463"",""01/14/2020"",""59970-043"""
"464,""1464"",""11/18/2019"",""0591-2788"""
"465,""1465"",""01/16/2020"",""43353-942"""
"466,""1466"",""03/13/2020"",""37000-713"""
"467,""1467"",""10/06/2019"",""69097-148"""
"468,""1468"",""04/19/2020"",""53208-437"""
"469,""1469"",""07/15/2020"",""61958-1004"""
"470,""1470"",""08/13/2020"",""30142-320"""
"471,""1471"",""06/02/2020"",""57955-6044"""
"472,""1472"",""04/23/2020"",""52584-771"""
"473,""1473"",""07/10/2020"",""76017-100"""
"474,""1474"",""10/02/2019"",""0268-0247"""
"475,""1475"",""10/20/2019"",""41268-490"""
"476,""1476"",""01/30/2020"",""52125-428"""
"477,""1477"",""10/16/2019"",""64679-734"""
"478,""1478"",""12/04/2019"",""67253-460"""
"479,""1479"",""06/10/2020"",""0002-4453"""
"480,""1480"",""08/22/2020"",""55910-391"""
"481,""1481"",""07/17/2020"",""66336-932"""
"482,""1482"",""11/04/2019"",""49288-0296"""
"483,""1483"",""05/20/2020"",""66579-0049"""
"484,""1484"",""07/30/2020"",""60681-1204"""
"485,""1485"",""03/05/2020"",""47682-139"""
"486,""1486"",""07/10/2020"",""59779-415"""
"487,""1487"",""11/07/2019"",""11084-631"""
"488,""1488"",""11/18/2019"",""41520-734"""
"489,""1489"",""11/04/2019"",""51514-0223"""
"490,""1490"",""11/09/2019"",""10191-1204"""
"491,""1491"",""10/23/2019"",""45802-410"""
"492,""1492"",""02/06/2020"",""61727-327"""
"493,""1493"",""01/05/2020"",""57520-0056"""
"494,""1494"",""05/10/2020"",""0781-1358"""
"495,""1495"",""07/12/2020"",""16714-531"""
"496,""1496"",""03/28/2020"",""61442-201"""
"497,""1497"",""12/22/2019"",""48878-3315"""
"498,""1498"",""10/03/2019"",""21695-269"""
"499,""1499"",""01/21/2020"",""58443-0021"""
"500,""1500"",""10/15/2019"",""13537-427"""
"501,""1501"",""04/24/2020"",""54868-0691"""
"502,""1502"",""08/08/2020"",""50436-6617"""
"503,""1503"",""03/30/2020"",""49738-079"""
"504,""1504"",""09/12/2020"",""47593-466"""
"505,""1505"",""06/05/2020"",""0186-4040"""
"506,""1506"",""01/31/2020"",""52007-140"""
"507,""1507"",""05/03/2020"",""68327-033"""
"508,""1508"",""01/17/2020"",""54868-5527"""
"509,""1509"",""09/07/2020"",""49738-074"""
"510,""1510"",""09/01/2020"",""68428-119"""
"511,""1511"",""11/24/2019"",""11822-9013"""
"512,""1512"",""05/08/2020"",""65044-4701"""
"513,""1513"",""02/11/2020"",""68647-122"""
"514,""1514"",""09/10/2020"",""53808-0801"""
"515,""1515"",""03/05/2020"",""41520-161"""
"516,""1516"",""08/09/2020"",""0268-6782"""
"517,""1517"",""02/01/2020"",""61601-1126"""
"518,""1518"",""08/25/2020"",""67046-251"""
"519,""1519"",""01/26/2020"",""33261-549"""
"520,""1520"",""07/26/2020"",""10345-029"""
"521,""1521"",""02/15/2020"",""52125-787"""
"522,""1522"",""04/02/2020"",""43386-530"""
"523,""1523"",""12/16/2019"",""41190-124"""
"524,""1524"",""08/22/2020"",""66949-339"""
"525,""1525"",""07/15/2020"",""67457-192"""
"526,""1526"",""12/02/2019"",""50227-0541"""
"527,""1527"",""02/05/2020"",""0363-0126"""
"528,""1528"",""01/28/2020"",""37205-508"""
"529,""1529"",""04/25/2020"",""68001-252"""
"530,""1530"",""03/25/2020"",""50241-141"""
"531,""1531"",""05/15/2020"",""0006-3915"""
"532,""1532"",""03/22/2020"",""43478-271"""
"533,""1533"",""04/29/2020"",""67938-1023"""
"534,""1534"",""08/26/2020"",""53489-144"""
"535,""1535"",""03/14/2020"",""58414-8725"""
"536,""1536"",""02/21/2020"",""61957-0904"""
"537,""1537"",""11/19/2019"",""54973-3161"""
"538,""1538"",""01/21/2020"",""35356-226"""
"539,""1539"",""03/13/2020"",""62670-3716"""
"540,""1540"",""12/30/2019"",""21695-457"""
"541,""1541"",""04/10/2020"",""36987-3122"""
"542,""1542"",""06/21/2020"",""49643-313"""
"543,""1543"",""07/16/2020"",""43353-875"""
"544,""1544"",""11/22/2019"",""10596-161"""
"545,""1545"",""09/14/2020"",""59779-097"""
"546,""1546"",""04/15/2020"",""68703-035"""
"547,""1547"",""03/06/2020"",""49643-439"""
"548,""1548"",""01/19/2020"",""68971-001"""
"549,""1549"",""12/14/2019"",""33992-0519"""
"550,""1550"",""07/19/2020"",""0006-0473"""
"551,""1551"",""10/20/2019"",""36987-1504"""
"552,""1552"",""09/08/2020"",""58988-0022"""
"553,""1553"",""06/02/2020"",""41520-197"""
"554,""1554"",""04/03/2020"",""55289-562"""
"555,""1555"",""01/11/2020"",""0019-9893"""
"556,""1556"",""07/27/2020"",""56062-388"""
"557,""1557"",""07/24/2020"",""62211-275"""
"558,""1558"",""02/17/2020"",""49349-326"""
"559,""1559"",""12/13/2019"",""54868-0079"""
"560,""1560"",""11/20/2019"",""43772-0006"""
"561,""1561"",""03/31/2020"",""63629-3961"""
"562,""1562"",""12/04/2019"",""48951-8080"""
"563,""1563"",""04/04/2020"",""16590-830"""
"564,""1564"",""02/16/2020"",""43063-075"""
"565,""1565"",""04/10/2020"",""52125-722"""
"566,""1566"",""11/20/2019"",""0591-2467"""
"567,""1567"",""12/17/2019"",""67457-433"""
"568,""1568"",""05/09/2020"",""61957-0532"""
"569,""1569"",""12/03/2019"",""60505-0007"""
"570,""1570"",""08/11/2020"",""59088-120"""
"571,""1571"",""08/11/2020"",""68094-650"""
"572,""1572"",""12/03/2019"",""60505-6025"""
"573,""1573"",""01/01/2020"",""54429-0103"""
"574,""1574"",""08/24/2020"",""49349-847"""
"575,""1575"",""04/30/2020"",""51393-6447"""
"576,""1576"",""07/25/2020"",""68387-497"""
"577,""1577"",""07/04/2020"",""0378-1712"""
"578,""1578"",""07/11/2020"",""63851-501"""
"579,""1579"",""09/14/2020"",""50563-202"""
"580,""1580"",""07/16/2020"",""49288-0323"""
"581,""1581"",""03/15/2020"",""12213-593"""
"582,""1582"",""10/06/2019"",""55910-888"""
"583,""1583"",""08/09/2020"",""61589-3813"""
"584,""1584"",""05/19/2020"",""76069-100"""
"585,""1585"",""07/21/2020"",""43269-742"""
"586,""1586"",""05/26/2020"",""54569-1104"""
"587,""1587"",""03/29/2020"",""55154-6969"""
"588,""1588"",""02/19/2020"",""63629-4980"""
"589,""1589"",""06/20/2020"",""43857-0273"""
"590,""1590"",""08/04/2020"",""54868-5808"""
"591,""1591"",""01/26/2020"",""68084-354"""
"592,""1592"",""02/01/2020"",""0615-5584"""
"593,""1593"",""05/22/2020"",""11673-690"""
"594,""1594"",""05/18/2020"",""55714-2273"""
"595,""1595"",""02/07/2020"",""57344-150"""
"596,""1596"",""04/20/2020"",""68084-348"""
"597,""1597"",""05/25/2020"",""11822-2891"""
"598,""1598"",""02/08/2020"",""68151-2472"""
"599,""1599"",""09/11/2020"",""50268-349"""
"600,""1600"",""01/20/2020"",""55154-5112"""
"601,""1601"",""11/08/2019"",""37205-319"""
"602,""1602"",""08/28/2020"",""76237-157"""
"603,""1603"",""02/09/2020"",""0904-6243"""
"604,""1604"",""12/23/2019"",""0206-2404"""
"605,""1605"",""11/27/2019"",""70253-018"""
"606,""1606"",""05/10/2020"",""55289-591"""
"607,""1607"",""07/08/2020"",""36987-2543"""
"608,""1608"",""08/16/2020"",""0363-0527"""
"609,""1609"",""03/10/2020"",""51442-536"""
"610,""1610"",""01/31/2020"",""55143-108"""
"611,""1611"",""11/26/2019"",""62257-785"""
"612,""1612"",""08/15/2020"",""63629-4279"""
"613,""1613"",""03/20/2020"",""0004-6313"""
"614,""1614"",""10/20/2019"",""68084-174"""
"615,""1615"",""04/02/2020"",""68016-333"""
"616,""1616"",""09/04/2020"",""36987-2576"""
"617,""1617"",""09/27/2019"",""43419-007"""
"618,""1618"",""04/15/2020"",""49288-0217"""
"619,""1619"",""11/19/2019"",""59762-4537"""
"620,""1620"",""05/29/2020"",""0113-0289"""
"621,""1621"",""12/26/2019"",""62011-0239"""
"622,""1622"",""04/25/2020"",""63187-103"""
"623,""1623"",""06/04/2020"",""14783-252"""
"624,""1624"",""10/12/2019"",""49288-0493"""
"625,""1625"",""01/13/2020"",""50220-001"""
"626,""1626"",""10/15/2019"",""0145-0090"""
"627,""1627"",""04/22/2020"",""51079-685"""
"628,""1628"",""04/23/2020"",""60660-7782"""
"629,""1629"",""11/09/2019"",""50184-1015"""
"630,""1630"",""09/19/2020"",""36987-1369"""
"631,""1631"",""04/29/2020"",""10237-654"""
"632,""1632"",""06/01/2020"",""10191-1822"""
"633,""1633"",""01/07/2020"",""54569-6497"""
"634,""1634"",""11/03/2019"",""10893-335"""
"635,""1635"",""06/18/2020"",""0591-2468"""
"636,""1636"",""04/10/2020"",""0187-5170"""
"637,""1637"",""07/14/2020"",""55154-6954"""
"638,""1638"",""05/28/2020"",""65044-1008"""
"639,""1639"",""12/22/2019"",""49527-732"""
"640,""1640"",""01/26/2020"",""63323-739"""
"641,""1641"",""11/19/2019"",""0228-2778"""
"642,""1642"",""01/28/2020"",""42858-102"""
"643,""1643"",""03/20/2020"",""65923-006"""
"644,""1644"",""03/21/2020"",""50816-624"""
"645,""1645"",""09/27/2019"",""50181-0044"""
"646,""1646"",""12/06/2019"",""0615-1359"""
"647,""1647"",""08/22/2020"",""68276-006"""
"648,""1648"",""05/19/2020"",""49349-742"""
"649,""1649"",""08/01/2020"",""65131-097"""
"650,""1650"",""09/03/2020"",""61919-023"""
"651,""1651"",""05/18/2020"",""49852-182"""
"652,""1652"",""09/18/2020"",""36987-3169"""
"653,""1653"",""05/18/2020"",""68428-127"""
"654,""1654"",""04/09/2020"",""0781-3136"""
"655,""1655"",""11/28/2019"",""41250-065"""
"656,""1656"",""04/30/2020"",""49348-686"""
"657,""1657"",""03/19/2020"",""57664-057"""
"658,""1658"",""08/13/2020"",""63459-225"""
"659,""1659"",""01/06/2020"",""43406-0001"""
"660,""1660"",""10/29/2019"",""49967-023"""
"661,""1661"",""04/27/2020"",""0517-0031"""
"662,""1662"",""08/16/2020"",""68026-414"""
"663,""1663"",""02/04/2020"",""52125-342"""
"664,""1664"",""06/12/2020"",""58118-0434"""
"665,""1665"",""10/23/2019"",""76485-1010"""
"666,""1666"",""06/03/2020"",""0093-5116"""
"667,""1667"",""02/06/2020"",""21695-283"""
"668,""1668"",""11/18/2019"",""67877-240"""
"669,""1669"",""02/02/2020"",""0517-4605"""
"670,""1670"",""04/12/2020"",""60505-3548"""
"671,""1671"",""03/17/2020"",""59667-0066"""
"672,""1672"",""04/16/2020"",""59630-503"""
"673,""1673"",""11/11/2019"",""35356-136"""
"674,""1674"",""12/28/2019"",""0487-0301"""
"675,""1675"",""06/08/2020"",""68306-106"""
"676,""1676"",""03/13/2020"",""42023-131"""
"677,""1677"",""08/04/2020"",""66336-902"""
"678,""1678"",""07/15/2020"",""53329-102"""
"679,""1679"",""03/29/2020"",""76237-192"""
"680,""1680"",""08/16/2020"",""64117-283"""
"681,""1681"",""03/10/2020"",""68258-8902"""
"682,""1682"",""10/10/2019"",""0121-4785"""
"683,""1683"",""01/22/2020"",""13734-110"""
"684,""1684"",""11/03/2019"",""54458-926"""
"685,""1685"",""10/11/2019"",""42851-154"""
"686,""1686"",""06/20/2020"",""52584-602"""
"687,""1687"",""05/24/2020"",""0555-9043"""
"688,""1688"",""01/14/2020"",""11344-919"""
"689,""1689"",""07/27/2020"",""29500-8050"""
"690,""1690"",""01/23/2020"",""21839-101"""
"691,""1691"",""08/22/2020"",""0268-6631"""
"692,""1692"",""05/28/2020"",""53144-2001"""
"693,""1693"",""07/15/2020"",""37808-328"""
"694,""1694"",""08/09/2020"",""57520-0931"""
"695,""1695"",""04/18/2020"",""55910-560"""
"696,""1696"",""02/17/2020"",""54305-976"""
"697,""1697"",""08/13/2020"",""57520-0585"""
"698,""1698"",""06/20/2020"",""48951-9002"""
"699,""1699"",""12/03/2019"",""0168-0264"""
"700,""1700"",""12/04/2019"",""59011-751"""
"701,""1701"",""02/29/2020"",""15751-0252"""
"702,""1702"",""05/26/2020"",""63629-4506"""
"703,""1703"",""01/01/2020"",""63629-4144"""
"704,""1704"",""04/13/2020"",""63304-436"""
"705,""1705"",""03/25/2020"",""68382-019"""
"706,""1706"",""10/04/2019"",""36800-977"""
"707,""1707"",""05/28/2020"",""21695-342"""
"708,""1708"",""03/19/2020"",""54868-2875"""
"709,""1709"",""03/30/2020"",""21695-320"""
"710,""1710"",""11/12/2019"",""36987-1328"""
"711,""1711"",""05/05/2020"",""55714-4438"""
"712,""1712"",""04/08/2020"",""51991-333"""
"713,""1713"",""06/21/2020"",""0228-1114"""
"714,""1714"",""02/10/2020"",""43772-0035"""
"715,""1715"",""01/20/2020"",""59078-050"""
"716,""1716"",""12/24/2019"",""49967-390"""
"717,""1717"",""05/13/2020"",""0268-0800"""
"718,""1718"",""06/15/2020"",""0338-1083"""
"719,""1719"",""10/26/2019"",""55154-7560"""
"720,""1720"",""04/24/2020"",""68016-142"""
"721,""1721"",""04/09/2020"",""36987-1630"""
"722,""1722"",""01/11/2020"",""50268-265"""
"723,""1723"",""06/17/2020"",""54868-5340"""
"724,""1724"",""12/04/2019"",""0074-3224"""
"725,""1725"",""10/22/2019"",""11673-207"""
"726,""1726"",""08/10/2020"",""36987-3172"""
"727,""1727"",""07/13/2020"",""50462-113"""
"728,""1728"",""06/04/2020"",""55111-360"""
"729,""1729"",""11/20/2019"",""67015-0003"""
"730,""1730"",""12/13/2019"",""63304-215"""
"731,""1731"",""03/19/2020"",""49884-574"""
"732,""1732"",""06/27/2020"",""0026-3785"""
"733,""1733"",""03/17/2020"",""58394-013"""
"734,""1734"",""07/04/2020"",""21695-477"""
"735,""1735"",""12/06/2019"",""0338-0341"""
"736,""1736"",""09/16/2020"",""43063-259"""
"737,""1737"",""01/01/2020"",""0363-0108"""
"738,""1738"",""10/05/2019"",""53808-0408"""
"739,""1739"",""08/09/2020"",""65862-201"""
"740,""1740"",""03/20/2020"",""67877-169"""
"741,""1741"",""12/31/2019"",""55319-503"""
"742,""1742"",""07/12/2020"",""0781-5767"""
"743,""1743"",""04/01/2020"",""42291-363"""
"744,""1744"",""12/17/2019"",""21695-087"""
"745,""1745"",""12/15/2019"",""55648-314"""
"746,""1746"",""02/25/2020"",""63629-1393"""
"747,""1747"",""11/07/2019"",""63629-4155"""
"748,""1748"",""07/16/2020"",""61957-0310"""
"749,""1749"",""03/11/2020"",""68472-098"""
"750,""1750"",""12/26/2019"",""49288-0893"""
"751,""1751"",""10/18/2019"",""62011-0114"""
"752,""1752"",""07/03/2020"",""33261-373"""
"753,""1753"",""12/20/2019"",""36800-218"""
"754,""1754"",""10/01/2019"",""51727-0632"""
"755,""1755"",""06/28/2020"",""57520-0526"""
"756,""1756"",""03/25/2020"",""23155-194"""
"757,""1757"",""12/05/2019"",""41268-359"""
"758,""1758"",""10/14/2019"",""63323-407"""
"759,""1759"",""01/13/2020"",""63354-615"""
"760,""1760"",""01/18/2020"",""58575-150"""
"761,""1761"",""11/04/2019"",""54569-0327"""
"762,""1762"",""10/08/2019"",""51655-107"""
"763,""1763"",""08/30/2020"",""48951-8093"""
"764,""1764"",""08/31/2020"",""68151-4072"""
"765,""1765"",""11/27/2019"",""60512-6171"""
"766,""1766"",""06/02/2020"",""33261-881"""
"767,""1767"",""05/28/2020"",""23635-408"""
"768,""1768"",""04/11/2020"",""49643-384"""
"769,""1769"",""06/21/2020"",""21130-416"""
"770,""1770"",""07/23/2020"",""0378-9671"""
"771,""1771"",""12/29/2019"",""49281-215"""
"772,""1772"",""04/28/2020"",""51060-040"""
"773,""1773"",""02/02/2020"",""49825-327"""
"774,""1774"",""01/02/2020"",""57826-455"""
"775,""1775"",""06/18/2020"",""0904-5939"""
"776,""1776"",""09/21/2020"",""0338-3503"""
"777,""1777"",""10/11/2019"",""62011-0013"""
"778,""1778"",""10/02/2019"",""49288-0454"""
"779,""1779"",""01/25/2020"",""62839-0369"""
"780,""1780"",""03/17/2020"",""63629-3766"""
"781,""1781"",""08/13/2020"",""57520-0590"""
"782,""1782"",""06/09/2020"",""33261-174"""
"783,""1783"",""06/07/2020"",""0363-0660"""
"784,""1784"",""05/07/2020"",""0280-0923"""
"785,""1785"",""10/10/2019"",""36987-3451"""
"786,""1786"",""11/16/2019"",""53808-0807"""
"787,""1787"",""05/20/2020"",""37000-128"""
"788,""1788"",""09/03/2020"",""42571-010"""
"789,""1789"",""03/21/2020"",""64661-711"""
"790,""1790"",""12/16/2019"",""51531-2824"""
"791,""1791"",""10/09/2019"",""54575-187"""
"792,""1792"",""05/31/2020"",""24385-597"""
"793,""1793"",""04/18/2020"",""10812-526"""
"794,""1794"",""12/30/2019"",""0378-9682"""
"795,""1795"",""11/25/2019"",""0469-0125"""
"796,""1796"",""03/14/2020"",""0363-0442"""
"797,""1797"",""07/24/2020"",""22700-141"""
"798,""1798"",""12/10/2019"",""23155-110"""
"799,""1799"",""12/02/2019"",""68151-3083"""
"800,""1800"",""05/08/2020"",""48951-8028"""
"801,""1801"",""07/27/2020"",""66993-054"""
"802,""1802"",""07/06/2020"",""65121-623"""
"803,""1803"",""05/21/2020"",""42254-346"""
"804,""1804"",""02/22/2020"",""54569-1853"""
"805,""1805"",""04/19/2020"",""0187-5148"""
"806,""1806"",""06/16/2020"",""60512-0004"""
"807,""1807"",""10/15/2019"",""55312-180"""
"808,""1808"",""01/23/2020"",""36987-2909"""
"809,""1809"",""12/31/2019"",""0096-0685"""
"810,""1810"",""04/30/2020"",""0025-1961"""
"811,""1811"",""10/25/2019"",""52544-496"""
"812,""1812"",""01/12/2020"",""0168-0139"""
"813,""1813"",""04/18/2020"",""68788-9129"""
"814,""1814"",""12/23/2019"",""43857-0333"""
"815,""1815"",""02/15/2020"",""64117-216"""
"816,""1816"",""05/29/2020"",""10812-203"""
"817,""1817"",""06/02/2020"",""43063-473"""
"818,""1818"",""11/06/2019"",""66621-4000"""
"819,""1819"",""06/17/2020"",""69231-001"""
"820,""1820"",""04/16/2020"",""63941-354"""
"821,""1821"",""10/03/2019"",""53808-0261"""
"822,""1822"",""02/17/2020"",""98132-178"""
"823,""1823"",""08/27/2020"",""59535-6601"""
"824,""1824"",""09/09/2020"",""57955-2281"""
"825,""1825"",""10/20/2019"",""63736-073"""
"826,""1826"",""08/24/2020"",""54057-304"""
"827,""1827"",""02/18/2020"",""17238-193"""
"828,""1828"",""04/20/2020"",""61096-0017"""
"829,""1829"",""01/29/2020"",""0268-1103"""
"830,""1830"",""11/06/2019"",""64117-585"""
"831,""1831"",""01/02/2020"",""11697-319"""
"832,""1832"",""01/29/2020"",""52533-120"""
"833,""1833"",""09/29/2019"",""24987-249"""
"834,""1834"",""04/20/2020"",""36987-1134"""
"835,""1835"",""10/19/2019"",""55910-809"""
"836,""1836"",""09/29/2019"",""49609-201"""
"837,""1837"",""04/23/2020"",""55319-175"""
"838,""1838"",""10/09/2019"",""0186-0016"""
"839,""1839"",""06/17/2020"",""0904-6000"""
"840,""1840"",""06/02/2020"",""41520-160"""
"841,""1841"",""12/19/2019"",""10578-003"""
"842,""1842"",""04/11/2020"",""68084-597"""
"843,""1843"",""05/31/2020"",""15478-001"""
"844,""1844"",""01/20/2020"",""54868-0644"""
"845,""1845"",""09/15/2020"",""63629-5027"""
"846,""1846"",""04/23/2020"",""10742-1117"""
"847,""1847"",""10/05/2019"",""0378-0445"""
"848,""1848"",""09/26/2019"",""0245-0037"""
"849,""1849"",""04/11/2020"",""64117-968"""
"850,""1850"",""03/17/2020"",""55910-217"""
"851,""1851"",""04/07/2020"",""55154-0328"""
"852,""1852"",""11/21/2019"",""55111-197"""
"853,""1853"",""10/25/2019"",""63629-2745"""
"854,""1854"",""02/01/2020"",""65162-145"""
"855,""1855"",""12/16/2019"",""59469-170"""
"856,""1856"",""12/24/2019"",""16714-681"""
"857,""1857"",""02/02/2020"",""20802-1503"""
"858,""1858"",""07/25/2020"",""51208-004"""
"859,""1859"",""07/30/2020"",""0781-2938"""
"860,""1860"",""02/18/2020"",""41250-361"""
"861,""1861"",""09/11/2020"",""59779-889"""
"862,""1862"",""02/10/2020"",""11822-0299"""
"863,""1863"",""06/23/2020"",""44911-0019"""
"864,""1864"",""08/29/2020"",""64159-6979"""
"865,""1865"",""11/11/2019"",""36987-2984"""
"866,""1866"",""07/13/2020"",""62032-101"""
"867,""1867"",""01/04/2020"",""76081-010"""
"868,""1868"",""01/14/2020"",""55910-812"""
"869,""1869"",""10/18/2019"",""37000-381"""
"870,""1870"",""10/05/2019"",""55319-480"""
"871,""1871"",""02/02/2020"",""50580-257"""
"872,""1872"",""02/09/2020"",""0178-0894"""
"873,""1873"",""02/17/2020"",""11673-279"""
"874,""1874"",""11/09/2019"",""52125-216"""
"875,""1875"",""10/24/2019"",""60681-1305"""
"876,""1876"",""07/22/2020"",""54868-4400"""
"877,""1877"",""03/28/2020"",""61601-1129"""
"878,""1878"",""12/29/2019"",""35356-790"""
"879,""1879"",""11/09/2019"",""15127-207"""
"880,""1880"",""08/15/2020"",""63739-251"""
"881,""1881"",""10/31/2019"",""52343-063"""
"882,""1882"",""07/04/2020"",""43269-784"""
"883,""1883"",""05/05/2020"",""37000-118"""
"884,""1884"",""09/29/2019"",""68788-9903"""
"885,""1885"",""09/18/2020"",""55714-4520"""
"886,""1886"",""04/14/2020"",""63629-3990"""
"887,""1887"",""10/14/2019"",""10191-1934"""
"888,""1888"",""09/15/2020"",""0409-1903"""
"889,""1889"",""09/04/2020"",""53489-551"""
"890,""1890"",""06/11/2020"",""0009-3073"""
"891,""1891"",""01/01/2020"",""62670-3683"""
"892,""1892"",""02/26/2020"",""13709-231"""
"893,""1893"",""07/20/2020"",""50795-3001"""
"894,""1894"",""12/15/2019"",""0641-6082"""
"895,""1895"",""05/16/2020"",""48951-3122"""
"896,""1896"",""04/01/2020"",""54868-4584"""
"897,""1897"",""05/19/2020"",""53113-263"""
"898,""1898"",""05/22/2020"",""37000-061"""
"899,""1899"",""03/22/2020"",""0023-9321"""
"900,""1900"",""04/08/2020"",""68703-125"""
"901,""1901"",""05/25/2020"",""49288-0230"""
"902,""1902"",""07/06/2020"",""55316-344"""
"903,""1903"",""09/24/2020"",""65862-419"""
"904,""1904"",""06/07/2020"",""64380-736"""
"905,""1905"",""11/27/2019"",""57955-6147"""
"906,""1906"",""11/04/2019"",""52125-158"""
"907,""1907"",""09/29/2019"",""67234-025"""
"908,""1908"",""04/10/2020"",""57910-403"""
"909,""1909"",""08/14/2020"",""0131-2478"""
"910,""1910"",""04/17/2020"",""55154-3383"""
"911,""1911"",""12/08/2019"",""76470-003"""
"912,""1912"",""05/22/2020"",""0143-1347"""
"913,""1913"",""03/06/2020"",""49999-543"""
"914,""1914"",""10/18/2019"",""43063-489"""
"915,""1915"",""08/29/2020"",""16590-020"""
"916,""1916"",""11/15/2019"",""63187-004"""
"917,""1917"",""03/22/2020"",""59630-850"""
"918,""1918"",""08/28/2020"",""0904-6359"""
"919,""1919"",""09/17/2020"",""0268-6695"""
"920,""1920"",""03/24/2020"",""42352-7001"""
"921,""1921"",""07/22/2020"",""0955-1016"""
"922,""1922"",""07/05/2020"",""59900-211"""
"923,""1923"",""02/21/2020"",""0363-0459"""
"924,""1924"",""04/26/2020"",""0338-1305"""
"925,""1925"",""05/23/2020"",""0088-1202"""
"926,""1926"",""03/08/2020"",""43353-920"""
"927,""1927"",""07/01/2020"",""55513-053"""
"928,""1928"",""05/07/2020"",""48951-8001"""
"929,""1929"",""03/31/2020"",""0259-2102"""
"930,""1930"",""12/26/2019"",""64117-257"""
"931,""1931"",""04/12/2020"",""0409-3379"""
"932,""1932"",""02/28/2020"",""0065-0509"""
"933,""1933"",""05/19/2020"",""51079-155"""
"934,""1934"",""01/19/2020"",""75847-1301"""
"935,""1935"",""09/15/2020"",""54868-0973"""
"936,""1936"",""12/28/2019"",""51079-622"""
"937,""1937"",""09/03/2020"",""0168-0288"""
"938,""1938"",""11/17/2019"",""0363-0343"""
"939,""1939"",""08/12/2020"",""24236-287"""
"940,""1940"",""01/17/2020"",""21695-565"""
"941,""1941"",""02/26/2020"",""0603-4088"""
"942,""1942"",""09/30/2019"",""36987-1303"""
"943,""1943"",""12/03/2019"",""48951-1114"""
"944,""1944"",""12/08/2019"",""33261-562"""
"945,""1945"",""06/06/2020"",""49999-237"""
"946,""1946"",""02/14/2020"",""53041-401"""
"947,""1947"",""07/31/2020"",""41268-422"""
"948,""1948"",""01/25/2020"",""51630-004"""
"949,""1949"",""01/12/2020"",""61957-0510"""
"950,""1950"",""04/11/2020"",""0228-2059"""
"951,""1951"",""07/25/2020"",""68788-9103"""
"952,""1952"",""05/02/2020"",""58118-0658"""
"953,""1953"",""05/12/2020"",""36987-3369"""
"954,""1954"",""05/03/2020"",""50242-136"""
"955,""1955"",""01/18/2020"",""61601-1136"""
"956,""1956"",""08/31/2020"",""17630-2026"""
"957,""1957"",""06/17/2020"",""53499-0390"""
"958,""1958"",""07/16/2020"",""43695-0005"""
"959,""1959"",""11/06/2019"",""51079-459"""
"960,""1960"",""11/26/2019"",""68462-225"""
"961,""1961"",""03/18/2020"",""59779-374"""
"962,""1962"",""12/31/2019"",""63868-104"""
"963,""1963"",""09/25/2019"",""61748-220"""
"964,""1964"",""09/30/2019"",""59762-3722"""
"965,""1965"",""08/10/2020"",""16714-353"""
"966,""1966"",""12/14/2019"",""49884-289"""
"967,""1967"",""06/11/2020"",""48951-2058"""
"968,""1968"",""11/27/2019"",""59667-0103"""
"969,""1969"",""07/29/2020"",""62011-0162"""
"970,""1970"",""08/30/2020"",""64376-131"""
"971,""1971"",""08/16/2020"",""65044-1060"""
"972,""1972"",""04/28/2020"",""16729-262"""
"973,""1973"",""04/22/2020"",""42549-650"""
"974,""1974"",""05/26/2020"",""53499-5972"""
"975,""1975"",""02/22/2020"",""68737-237"""
"976,""1976"",""01/01/2020"",""10631-331"""
"977,""1977"",""10/02/2019"",""63824-324"""
"978,""1978"",""01/02/2020"",""47593-492"""
"979,""1979"",""02/02/2020"",""43269-690"""
"980,""1980"",""04/26/2020"",""11822-4803"""
"981,""1981"",""09/03/2020"",""60512-6446"""
"982,""1982"",""08/01/2020"",""49580-0413"""
"983,""1983"",""11/01/2019"",""49349-998"""
"984,""1984"",""04/05/2020"",""63629-1260"""
"985,""1985"",""12/09/2019"",""0615-6510"""
"986,""1986"",""07/09/2020"",""54868-4617"""
"987,""1987"",""08/23/2020"",""10812-869"""
"988,""1988"",""08/30/2020"",""16590-368"""
"989,""1989"",""08/08/2020"",""51523-104"""
"990,""1990"",""09/08/2020"",""68788-9956"""
"991,""1991"",""03/06/2020"",""65649-511"""
"992,""1992"",""08/04/2020"",""10191-1250"""
"993,""1993"",""12/20/2019"",""49789-050"""
"994,""1994"",""09/20/2020"",""0264-2301"""
"995,""1995"",""05/02/2020"",""53329-111"""
"996,""1996"",""01/12/2020"",""55316-281"""
"997,""1997"",""05/22/2020"",""75854-311"""
"998,""1998"",""01/12/2020"",""51885-7125"""
"999,""1999"",""11/26/2019"",""29500-9211"""
"1000,""2000"",""03/18/2020"",""50563-181"""
